filename,transcription,source
cw005.wav,FEFOFQUHYNZ3WONZRETF,kaggle-morse-challenge
cw009.wav,5NITCM6O7M3VYTFUOLGB,kaggle-morse-challenge
cw018.wav,NPAIUS139K2A5T2IQZY9,kaggle-morse-challenge
cw022.wav,TF5E6V73PCP3C18OQIQ8,kaggle-morse-challenge
cw025.wav,YQ4CBEH852FAR5AGTBS2,kaggle-morse-challenge
cw026.wav,AVXDKKCKEB1EX8QABF7C,kaggle-morse-challenge
cw027.wav,63BTNYH7OJ7XKBNYOV49,kaggle-morse-challenge
cw028.wav,LGYI857RG7FXVFVGB7E3,kaggle-morse-challenge
cw035.wav,8BKR52AIQ3SPVHAM2T2C,kaggle-morse-challenge
cw037.wav,R2DX08BDJE46A0NU6ZT3,kaggle-morse-challenge
cw041.wav,N5DAV420EZMYJ86MM2RF,kaggle-morse-challenge
cw044.wav,BCYCKRK4YC1ACGOQ1771,kaggle-morse-challenge
cw045.wav,89E536S85K7696K4824L,kaggle-morse-challenge
cw047.wav,EZRXQHXYJZ4AIZ15AFFM,kaggle-morse-challenge
cw049.wav,GWII2VNNDB5U74ZPYUUC,kaggle-morse-challenge
cw050.wav,7KYQ1KSW9U7KWW9BW9CD,kaggle-morse-challenge
cw053.wav,ET98RNOX26UAX013JLES,kaggle-morse-challenge
cw062.wav,YWBRAOI6HLSTYKMIFQ8E,kaggle-morse-challenge
cw071.wav,GKYGS8K1MQCHD15NCV9H,kaggle-morse-challenge
cw072.wav,SIJP60T90447282IAP0G,kaggle-morse-challenge
cw074.wav,K7OOLNPK60WUC5PC6L0X,kaggle-morse-challenge
cw076.wav,KWOA6I12TE85P59HY272,kaggle-morse-challenge
cw082.wav,B9MBJBCG088X5HEQFYBP,kaggle-morse-challenge
cw084.wav,VS7FCHNSK6UBYHBG7Q6A,kaggle-morse-challenge
cw090.wav,Y3POCL0TOB48OA23PP4X,kaggle-morse-challenge
cw091.wav,TUB8FKBT1F0HDJC4E5JJ,kaggle-morse-challenge
cw095.wav,TJ9DYTTIC1IEGOGDGKBG,kaggle-morse-challenge
cw096.wav,FWRUHOKDX83UY4CXPGKT,kaggle-morse-challenge
cw099.wav,8M9AGRKOW33JY9JC6P9E,kaggle-morse-challenge
cw111.wav,EJGRJWSOJBATCY9YF93R,kaggle-morse-challenge
cw115.wav,YYSH3K45WAXIY7EZHKIE,kaggle-morse-challenge
cw118.wav,AOSXW13N9RQZ7CRZ7MJS,kaggle-morse-challenge
cw119.wav,ZDPTZFSGG1ZQEOK4ORRB,kaggle-morse-challenge
cw123.wav,OPIB1TZHIT8QNYBZ1P9O,kaggle-morse-challenge
cw124.wav,H6I4HVYJH8DFEEPM4PCT,kaggle-morse-challenge
cw128.wav,XW8XLJ2K9O5V12LLT4Q9,kaggle-morse-challenge
cw129.wav,P299MVR0XGG51UWPSNKR,kaggle-morse-challenge
cw130.wav,0JOJRS92O0TPMJQDTNHC,kaggle-morse-challenge
cw148.wav,RS00DAAA04UVGG3WALGS,kaggle-morse-challenge
cw149.wav,A9N0QQ8IFFZ0Z89LYNFI,kaggle-morse-challenge
cw151.wav,K3ZC88XILS6Y9WPJWAUI,kaggle-morse-challenge
cw152.wav,WMDQP6JCDDU6U8LEWVZY,kaggle-morse-challenge
cw155.wav,6H2NCKWC0HFH00JGYY7R,kaggle-morse-challenge
cw157.wav,3XIVCTHI5M7QAWIS7UL0,kaggle-morse-challenge
cw158.wav,JO0G95ECU0SBO7N2QOVD,kaggle-morse-challenge
cw159.wav,LUS34SYEYV7H1CNKXF8M,kaggle-morse-challenge
cw161.wav,7F2PQX5LVC1XV9ZYTRR3,kaggle-morse-challenge
cw165.wav,0S8PT84E5DU0ZMX4OD91,kaggle-morse-challenge
cw166.wav,216PENQ5527G3YQ4Z4DE,kaggle-morse-challenge
cw167.wav,QMWHZO5E67APYHM3JL5M,kaggle-morse-challenge
cw171.wav,W10IQ4YD09M01A8WJOHP,kaggle-morse-challenge
cw175.wav,03IWB4JYRUE2LBPMN5X1,kaggle-morse-challenge
cw176.wav,E8G8V81FIYVERSUPKPJY,kaggle-morse-challenge
cw178.wav,1UPUX15HK586V8Q1DK4W,kaggle-morse-challenge
cw180.wav,PG8BUHZGV31HO9YMICWC,kaggle-morse-challenge
cw188.wav,YQYXB1LM2SNGPBTHHJ1D,kaggle-morse-challenge
cw194.wav,FJQSR2P1Y2T2XU5RK63T,kaggle-morse-challenge
cw199.wav,ZEA2Y4H4NX6JST0J3IY8,kaggle-morse-challenge
